cancer,ICI.OS_1y_rate,TCGA.OS_1y_rate,totalTMB,Truncating mutations,Missense mutations,nonSynTMB,SNVtotalTMB,indeltotalTMB,SNVnonSynTMB,indelnonSynTMB,MATH,ITH,SNVTNB,indelTNB,totalTNB,Ti,Tv,TiTv,Cell cycle,HIPPO,MYC,NOTCH,NRF2,PI3K/Akt,RTK/RAS,TP53,TGF¦Â,WNT,metabolism_score,GZMM,CD8A,IFNG,CTSW,GZMA,PDCD1,ZAP70,PRF1,MCAM,PSMB8,GEP,DCindex,CYT,IFNG10,IFNG6,IFNG28,IFNG18,IFNG4,Teff.IFN¦Ã,Teff,MHC_score,MHC_I_score,MHC_II_score,StromalScore,ImmuneScore,ESTIMATEScore,aDC,B cells,CD8+T,eosinophils,iDC,macrophages,mast cells,neutrophils,Nkbright,Nkdim,T helper cells,Tcm,Tem,Tfh,Tgd,Treg,CD8/Treg,dim/briNK,aiDC,adpinat,BCR Shannon,BCR Evenness,BCR Richness,TCR Shannon,TCR Evenness,TCR Richness,purity,BER,NER,MMR,FA,HR,NHEJ,DR,TLS,DS,CNVburden,Number of Segments,Fraction Altered,Aneuploidy score,LOH_n_seg,LOH_frac_altered,NtAI,LST,HRD-LOH,HRD score,CIN score,ploidy,WGD,lncRNAscore,Hypermethylation Frequency,Hypomethylation Frequency,DMI score,LINE1
ACC,0.467,0.923913043,39.5,3.5,22,27,37,2,25,2,47.06044594,0.06,12,6,24,51.86206897,48.13793103,1.077380952,0.302631579,0.052631579,0.065789474,0.105263158,0,0.157894737,0.223684211,0.276315789,0.013157895,0.407894737,48995.76295,1.538061757,1.012285731,0,1.433461877,1.782966225,0.442529754,0.717841531,1.825316655,5.40315213,6.826605377,3.741922524,2.520741704,1.88966931,1.235788901,1.346070461,1.150980319,1.770725078,0.372157499,0.539495709,0.28129124,0.37932188,0.358748225,0.401397365,-832.5075603,-413.4336724,-1201.065722,5243.231376,2459.548394,7829.116255,7520.241163,7036.688399,6976.44945,3589.597568,4257.24137,5717.127241,1009.939952,10634.39115,7253.5394,6992.576161,5750.950124,9123.070958,6252.559702,1.270304767,0.149828895,0.706829405,1.365238992,1.607709866,0.70258287,12,0.693147181,0.961955575,0,0.84,0.039473684,0.078947368,0.342105263,0.013157895,0.092105263,0.039473684,0.013157895,0.039473684,0.092105263,271,138,0.943818913,17,120,0.483331803,3,2.5,2,9,NA,2.5,0.533333333,-0.194500619,0.010106499,0.057113643,0.022244323,0.540594152
BLCA,0.4,0.794209988,252,21,144,166,247,5,161,5,41.53081975,0.16,74,28,124,51.43769968,48.56230032,1.059210526,0.80952381,0.255639098,0.180451128,0.423558897,0.085213033,0.456140351,0.639097744,0.62406015,0.090225564,0.197994987,44070.55418,1.865120692,2.472533499,0.470503905,4.398634157,3.518388732,1.529153306,1.652183223,2.941597483,5.253835294,7.439050401,5.125354466,3.975735485,3.269647324,3.173307045,3.48959121,2.954763926,3.570422349,1.734910372,1.773305679,1.564092015,0.464814561,0.464007951,0.444381689,-520.5153691,168.7938355,-314.4618618,6435.165861,4673.31417,9235.112384,6298.933093,8280.937368,8239.393873,3569.332184,5251.250307,7771.28788,2160.396013,11317.88184,7503.74083,7260.250209,6394.275239,9828.399041,7270.895422,1.286041881,0.284582001,0.780970273,1.314878503,1.91453352,0.881145717,9,1.945910149,0.982336813,5,0.61,0.065162907,0.182957393,0.095238095,0.117794486,0.255639098,0.105263158,0.097744361,0.127819549,0.213032581,434.5,166,0.547058105,14,57.5,0.180869749,11,8,6,26,3264.32,2.985,0.600985222,1.337188392,0.007513894,0.069821794,0.018288869,0.552671066
CESC,0.5319,0.922792194,162,10,75,86,159,4,84,2,34.88470588,0.1,36.5,6,56,59.71428571,40.28571429,1.482269504,0.194852941,0.297794118,0.069852941,0.345588235,0.091911765,0.588235294,0.371323529,0.132352941,0.125,0.121323529,44697.41296,2.645054842,3.519567296,1.344355422,4.013598613,5.348865811,2.362942289,2.538196547,4.037934669,4.64578605,7.99911777,6.052673798,4.643611703,4.654299281,4.715886345,5.350535099,4.016930161,4.589441123,2.99445445,2.996638051,2.874914823,0.524862759,0.519255203,0.496320915,-831.2899277,590.0321835,-213.3928831,8327.864325,5419.376854,10378.6487,6129.290279,7804.205423,7961.903966,3069.793436,5043.011228,7347.643121,3737.6954,11541.72027,7114.806927,6640.037809,6194.373406,9629.192458,7695.616479,1.368829051,0.530379019,1.068389007,1.307501348,2.427985019,0.888975883,17.5,2.441015278,0.980670731,11,0.67,0.029411765,0.051470588,0.044117647,0.033088235,0.121323529,0.047794118,0.202205882,0.0625,0.091911765,313,118,0.344995053,8,40,0.156671155,8,5,5,18,3330.77,2.11,0.333333333,1.417046976,0.012342038,0.02307917,0.017095193,0.645874602
CHOL,0.4167,0.826196729,67,6,32,36.5,63,4,33,3,41.33757402,0.07,14,4,25.5,52.01288245,47.98711755,1.083916084,0.527777778,0.166666667,0.194444444,0.083333333,0.055555556,0.166666667,0.555555556,0.194444444,0.027777778,0.166666667,48686.23502,2.288657884,2.414184886,0.38486897,3.009598699,4.640206235,2.679504367,1.873778181,2.771395423,6.113350678,7.640011189,5.187096248,4.640348302,3.526087504,2.956732757,3.149414789,2.739231916,3.152205373,1.620077851,1.71851496,1.473463181,0.379917169,0.439997973,0.388917957,-388.1641697,183.1385414,-248.6881147,5122.943013,4566.363262,9324.176609,6647.376404,7605.790227,7949.635043,3324.473936,5355.933183,7726.036224,2562.326631,10620.4235,7486.982234,7461.079232,6495.088578,9249.391018,7413.781021,1.239606911,0.341956327,0.72212214,1.382197495,1.255540487,0.823862844,4,1.945910149,0.983844637,6,0.745,0.055555556,0.027777778,0,0,0.055555556,0.027777778,0.083333333,0.027777778,0.083333333,219.5,115,0.581993035,9,77,0.227360791,8,6,7,23,3008.3,1.91,0.222222222,0.670923375,NA,NA,NA,0.677741833
CRCH,0.73,0.904842903,1805,268,827.5,1129,1489,298.5,900,230.5,27.28010751,0.02,478,1981,2467,78.21688481,21.78311519,3.590730337,0.698412698,0.603174603,0.492063492,0.666666667,0.015873016,0.619047619,0.968253968,0.476190476,0.46031746,0.936507937,48876.11187,2.463889489,3.587374416,1.532820736,3.716375017,5.652591474,2.481133679,2.287809115,4.514759102,4.987601019,8.687864379,6.212986951,4.746069993,5.135831715,5.138995112,5.588494956,4.425881371,5.006708557,3.155059632,3.280465395,3.150900533,0.547267515,0.503184579,0.517707645,-321.6142832,816.4366575,462.7438511,6847.36883,5223.036608,10449.43786,7355.616645,8140.605172,8799.37326,4013.33339,5651.337846,6773.832705,4120.450822,11444.13579,6807.027262,7517.958896,6191.664944,10320.52393,8699.80278,1.211643846,0.568864248,0.868925391,1.277386661,2.89404708,0.867876976,32.5,2.351673302,0.981718986,11,0.595,0.174603175,0.380952381,0.920634921,0.333333333,0.523809524,0.444444444,0.46031746,0.333333333,0.46031746,6,87.5,0.044341393,1,8,0.015411713,1,1,0,2,158.71,2.03,0.037037037,1.78109917,0.032112585,0.022640959,0.020003829,0.628159882
ESCC,0.374,0.797982528,164,12,78.5,92.5,156,7,86.5,4,47.28982759,0.18,47,NA,NA,52.66714083,47.33285917,1.112698413,0.888888889,0.211111111,0.222222222,0.377777778,0.233333333,0.533333333,0.5,0.955555556,0.133333333,0.133333333,40591.07489,1.03262724,2.280230009,0.621347223,2.476449183,3.314575166,1.614727735,1.293537273,2.781261057,5.348052406,6.965450393,5.298549658,4.3372846,3.160979206,3.255899861,4.032060426,3.004586448,3.586434891,2.086747655,2.003176534,2.014020756,0.359192397,0.406360717,0.363279626,-456.713698,119.0753717,-300.9712449,7274.402675,3900.135189,8421.027147,5854.811911,7444.578429,8094.867616,2165.056613,4658.494322,6256.981903,1438.321049,11178.70505,7853.861736,6468.039427,5607.109823,9399.344183,7313.683474,1.196092242,0.254522475,0.985303636,1.392485162,3.077083534,0.853312412,41,3.29530562,0.938934775,36.5,0.6,0.055555556,0.066666667,0.1,0.088888889,0.188888889,0.111111111,0.122222222,0.122222222,0.077777778,510,217,0.641726659,14,132,0.335566876,15,10,11,38,4896.77,2.45,0.530120482,0.259668442,0.010906014,0.021034181,0.016181685,0.546812893
GBM,0.359,0.58101617,77,6,44,51,74,3,48,3,27.66593226,0.06,23,8,35.5,68.62745098,31.37254902,2.1875,0.857142857,0.103174603,0.063492063,0.182539683,0,0.571428571,0.76984127,0.476190476,0.015873016,0.079365079,44486.45864,1.744491705,1.784760033,0.09364666,1.92415268,2.594747602,0.926088932,1.209949997,2.844409976,6.397153483,7.350354335,4.719438942,4.142425749,2.723426884,2.255257594,2.002743614,2.112335629,2.434417975,0.879350227,0.99266107,0.805465148,0.382746786,0.414971621,0.413060377,-163.7497834,602.8156533,430.958393,4979.412039,3555.062549,7803.540636,7362.540126,7170.169789,9817.426866,2508.405125,5208.33296,6653.915075,-732.0419532,10684.00256,6205.316093,7071.093296,7775.019318,8834.620574,8066.094035,0.95758162,-0.116159293,0.671355241,1.37959604,0.685587329,0.921120136,2,1.897656956,0.990016836,6,0.77,0.007936508,0.031746032,0.047619048,0.047619048,0.055555556,0.031746032,0.277777778,0.015873016,0.047619048,43,154,0.217741752,7,21,0.110244481,2,2,2,7,NA,2,0.14664311,-1.701531749,0.016797591,0.047619048,0.034166321,0.667050319
GESC,0.2645,0.753887608,178,12,101,115,173,6,109,5,39.48281556,0.15,55.5,NA,NA,60.30378729,39.69621271,1.519132653,0.701298701,0.214285714,0.188311688,0.367965368,0.021645022,0.398268398,0.603896104,0.612554113,0.283549784,0.357142857,43557.42887,2.04997253,3.508599904,0.989378732,3.18214689,4.462723136,2.467103041,2.297804256,3.526609562,5.855454894,7.672711104,5.894525994,4.982881007,3.96754218,4.11668025,4.620545215,4.122677294,4.759679504,2.523844756,2.858712528,2.41241883,0.470471769,0.457519738,0.461715973,34.73345534,826.4161546,782.4289672,6854.775017,5380.332774,9764.885406,7190.944298,7590.239263,8677.054726,3725.358347,5231.041868,7054.031056,2258.09408,11276.13084,7014.25807,7210.952704,5880.371463,9576.160014,8155.857844,1.222649363,0.320579099,0.894338431,1.310764625,3.835820052,0.83578341,119,4.05291164,0.947026273,92,0.53,0.08008658,0.125541126,0.207792208,0.112554113,0.220779221,0.106060606,0.393939394,0.151515152,0.162337662,367,173,0.457873557,11,76,0.217043187,10,8,6,25,2441.17,2.18,0.433268859,-0.00285784,0.018225852,0.033158049,0.02145403,0.601232033
HNSC,0.365,0.824409588,155,13,88,102,148,5,97,4,36.06211153,0.13,46,17,72,53.33333333,46.66666667,1.142857143,0.780287474,0.369609856,0.180698152,0.340862423,0.114989733,0.41889117,0.422997947,0.716632444,0.125256674,0.147843943,43725.32945,2.040937652,2.918137668,0.980223631,3.014665889,4.489214488,2.029946438,1.88874428,3.888901924,5.460099749,7.579006131,5.900670395,4.729216061,4.151806267,4.217160615,4.784779642,3.739999279,4.366417934,2.647827456,2.586765388,2.577349041,0.479429362,0.523343599,0.44323984,-256.9638513,645.4341475,449.7769803,8753.856599,5449.912608,9925.742041,6280.779529,8443.536398,8630.804533,3890.339458,6001.596786,6954.793455,3715.813291,11329.26626,7636.422154,7264.864377,6804.0842,10124.45551,8788.820044,1.153643184,0.537883961,1.026081633,1.276449929,2.651693995,0.875126227,23,2.523210953,0.982395665,13,0.49,0.061601643,0.051334702,0.065708419,0.057494867,0.13963039,0.055441478,0.262833676,0.057494867,0.075975359,460.5,127,0.37468694,10,33,0.206498485,10,6,7,24,2356.66,2.11,0.386538462,0.367186194,0.008631664,0.02512416,0.016022811,0.587213484
KIRC,0.715,0.898240787,75,9,40,52,68,7,45,6,28.87079038,0.025,22,38.5,62.5,46.26865672,53.73134328,0.861111111,0.136363636,0.051136364,0.053977273,0.079545455,0.028409091,0.170454545,0.139204545,0.056818182,0.034090909,0.071022727,52683.90574,3.338143292,4.613166482,1.073022602,4.82269662,5.934553491,2.514149588,2.710791348,5.273433282,7.9980416,8.135302712,6.512017877,5.633396155,5.570857336,4.918410112,5.117691314,4.551889528,5.073996227,2.656407297,3.518722572,2.653313276,0.539394574,0.540399142,0.538996982,754.7952123,1397.081376,2186.43787,5909.363019,5113.636451,10836.97651,7201.399805,7686.006469,9160.161038,4220.883223,7831.388334,6018.097169,3339.614997,11261.02459,8179.433434,8228.666552,6796.466845,10076.94627,9386.434783,1.164599832,0.552529468,0.773935464,1.353671187,1.393119382,0.842080244,6,3.260918854,0.96780905,33,0.56,0.019886364,0.039772727,0.042613636,0.025568182,0.071022727,0.039772727,0.011363636,0.019886364,0.079545455,48,75,0.159687607,4,6,0.074121215,2,2,1,5,888.43,2,0.19047619,-3.668245801,0.007715714,0.01665206,0.012340734,0.637236211
LIHC,0.5615,0.832607892,129,11,69,81,123,6,75,5,30.29547449,0.07,38,19,69.5,48.91304348,51.08695652,0.957446809,0.689655172,0.123563218,0.192528736,0.25862069,0.066091954,0.25,0.215517241,0.373563218,0.068965517,0.433908046,61514.74928,2.015967011,1.762229962,0.24161518,2.254363479,3.319766002,1.046722116,1.422311022,2.617361688,4.433670489,7.091022166,4.352432383,3.093875153,2.861314573,2.354165203,2.569877961,2.120817071,2.586781821,1.073542086,1.41096442,0.958433053,0.416127732,0.424801259,0.409096307,-654.5085778,194.5854426,-420.7169915,4919.543915,5187.920043,9480.055488,6648.522605,7563.485565,8099.490601,2836.814273,5708.766166,6029.775253,2634.186987,10295.20133,7160.427101,7069.679891,5530.567764,10194.63988,7230.957031,1.329173845,0.449419301,0.659369002,1.394791706,1.405917806,0.875142675,5,1.609437912,1,4,0.72,0.074712644,0.028735632,0.045977011,0.060344828,0.091954023,0.051724138,0.086206897,0.068965517,0.060344828,282,128,0.36967814,8,37,0.10413607,6,5,4,16,3979.2,2.14,0.339726027,1.800512748,0.018350048,0.116856559,0.046166229,0.532960963
LUAD,0.465,0.878984226,274,23,163,186,267,7,178,7,45.02895037,0.24,86,55,158,31.78193453,68.21806547,0.465887455,0.559760956,0.225099602,0.229083665,0.209163347,0.147410359,0.376494024,0.741035857,0.607569721,0.099601594,0.185258964,45983.37216,3.145256905,3.776903665,1.109786148,4.229268356,4.977729179,2.554628481,2.625276129,4.07494097,5.31694318,7.661094337,6.334453214,5.013238381,4.473363312,4.491630186,5.019843997,4.399344166,5.036578005,2.799718382,3.082857416,2.729899862,0.492466527,0.496148585,0.519804071,213.7978913,1345.422273,1582.627777,8479.234201,6415.469597,10516.81233,7007.616933,9162.803718,10823.37635,5315.006831,6249.141148,7965.793503,2766.320423,11547.8094,7393.315279,8066.147871,7415.309835,10164.81454,9755.478336,1.08524134,0.353890162,0.916575646,1.231639223,3.159666734,0.874061591,42,2.902002313,0.984858662,20,0.45,0.053784861,0.101593625,0.089641434,0.081673307,0.179282869,0.087649402,0.14940239,0.093625498,0.147410359,409,126,0.501822896,16,34,0.229022182,10,7,6,23.5,2197.54,2.765,0.582677165,0.258162761,0.00759928,0.022787029,0.013190827,0.617788354
LUSC,0.428,0.833016537,322,29,188,219,313,9,211,8,43.57728161,0.22,103,66,178.5,35.60209424,64.39790576,0.552845528,0.793103448,0.275862069,0.122844828,0.306034483,0.245689655,0.683189655,0.536637931,0.855603448,0.105603448,0.17887931,44256.19618,2.739737358,3.576483963,1.080031703,3.380653166,4.882032484,2.340312045,2.333476438,3.896308673,5.250231473,7.172385672,5.9611239,5.007011756,4.333883201,4.321695563,4.835574015,4.019892271,4.604973646,2.795716285,2.876052532,2.711206607,0.41338695,0.456361195,0.45223488,-88.39997275,795.380741,735.9876869,7948.205413,6246.972438,10089.94906,6345.562895,8533.606322,9867.86146,4302.843689,5919.277011,7195.754035,2533.763548,11368.72253,7430.44483,7435.06239,6710.92596,9963.920269,9076.842945,1.124183626,0.354382273,0.913702028,1.299177686,3.480422081,0.879762067,56,2.780974479,0.982633708,16.5,0.5,0.060344828,0.105603448,0.120689655,0.101293103,0.159482759,0.086206897,0.159482759,0.101293103,0.146551724,500,172,0.640116009,16,47,0.347597288,15,9,10,34,3991.385,2.725,0.548387097,0.466255747,0.012326513,0.046742623,0.026488816,0.581799044
MESO,0.483,0.679123414,45,4,23,27.5,41,3,26,2,24.421396,0.04,12,7,19,54.77272727,45.22727273,1.211111111,0.536585366,0.402439024,0.073170732,0.085365854,0,0.134146341,0.085365854,0.207317073,0.024390244,0.06097561,45000.33672,3.113423093,3.531412772,0.858556217,4.310055448,5.168892439,2.708477528,2.353770409,3.848558474,5.307061634,8.17702095,5.853568244,5.227692571,4.502135374,3.675025108,3.999845454,3.618696145,4.275463873,2.199891931,2.583809146,1.984929312,0.495370055,0.500138228,0.489488873,712.6846762,1118.704605,1801.797076,6898.333387,4665.652531,10827.35001,6943.004786,8063.518357,10186.72162,4449.466589,5811.415301,6382.779186,3461.6895,10990.43666,7703.088289,8661.59072,6427.341261,9947.172992,9753.73398,1.075343065,0.532587369,0.878349233,1.305411142,2.180498902,0.870965539,10,2.36938212,0.988109092,10,0.64,0,0.012195122,0.036585366,0.024390244,0.097560976,0.012195122,0.012195122,0.048780488,0.06097561,87,136,0.290256002,6,78,0.161364645,5,6,6,17,1976.08,1.94,0.180722892,0.042817064,NA,NA,NA,0.623446571
OV,0.5058,0.901534521,101,9.5,57.5,68,95,5.5,63,5,49.56781655,0.19,31,NA,NA,42.98293041,57.01706959,0.753860775,0.480225989,0.214689266,0.395480226,0.276836158,0.04519774,0.491525424,0.576271186,0.960451977,0.04519774,0.096045198,42982.34055,1.478197367,2.504994629,0.390132518,2.957061695,3.419273833,1.580969676,1.20635153,2.275671548,4.992516317,7.406518741,5.269499667,4.484576533,2.770231032,3.359811635,3.81315858,3.055768057,3.694034298,1.613440758,1.760176216,1.306508651,0.447442968,0.449053952,0.431422501,-430.6078263,194.7615184,-200.8247901,7053.693843,4831.093643,8732.997284,6052.81276,7026.15961,8947.790042,2157.045377,4075.781846,7263.991976,785.3582151,10613.19587,6514.938327,6223.764774,5269.835297,9115.667376,7760.307491,1.137283633,0.10759973,0.994126401,1.362303538,2.858964547,0.800529155,38,3.463503108,0.963998535,42,0.81,0.028248588,0.079096045,0.09039548,0.079096045,0.271186441,0.101694915,0.011299435,0.050847458,0.073446328,471.5,316,0.803848462,13,53.5,0.295670177,19,17,9,46,NA,2.78,0.575971731,0.290112855,0.006975228,0.063953488,NA,0.485860574
PDAC,0.07345,0.728380983,52.5,5,29,34,49,2,32,2,28.70603314,0.08,16.5,4,24,70,30,2.333333333,0.712121212,0.068181818,0.143939394,0.128787879,0,0.196969697,0.787878788,0.689393939,0.424242424,0.128787879,45381.92363,2.437879704,3.158650011,0.310801595,3.274334948,4.489898783,1.969747584,2.172427686,3.329690222,5.84363661,7.508943727,5.409780612,4.761800537,3.851025686,3.151413547,3.115216174,3.467609353,4.178211996,1.478045191,2.011499854,1.421346323,0.472554838,0.474605093,0.491961085,833.8384808,979.124967,1875.737571,5934.382711,5681.788645,9609.724327,7823.74469,9287.169761,10572.67349,6360.552023,6258.673825,7742.641617,2345.110715,11146.32257,7473.686939,7969.687167,6899.759881,9961.429949,9765.760619,1.026037581,0.299930591,0.639712085,1.212181143,1.862549486,0.86680446,10,2.351673302,0.992230635,10,0.385,0.015151515,0.037878788,0.007575758,0.015151515,0.03030303,0.03030303,0.022727273,0.022727273,0.037878788,229,85.5,0.187975084,7,45,0.172191981,6,3,5.5,15,796.265,1.995,0.215277778,-0.284641824,NA,NA,NA,0.642129952
PRAD,0.523,0.997821351,38,3,22,26,36,2,24,1,43.60588235,0.03,12,4,20,62.5,37.5,1.666666667,0.281837161,0.048016701,0.110647182,0.127348643,0.006263048,0.321503132,0.1565762,0.208768267,0.058455115,0.354906054,48107.66445,2.177227633,2.733552051,0.272089437,2.520856279,3.186818988,1.33043735,1.513858991,2.507185872,5.222008637,6.715024381,4.749737857,3.822039227,2.813927197,2.865221025,3.004560146,2.71049474,3.261137193,1.305111558,1.558249249,1.10886094,0.451748942,0.432835104,0.415208374,-489.397362,-510.4384442,-980.484465,3882.691911,4839.427282,8972.652915,7473.561451,7640.378794,7874.797099,5441.09017,4152.087131,6311.833756,2058.644295,11217.64584,7872.89793,7530.714958,6763.683846,8214.820616,5890.699484,1.544543035,0.326539384,0.511154067,1.357624453,0.69180889,0.915942949,2,2.052693632,0.99283217,8,0.61,0.066805846,0.06263048,0.052192067,0.081419624,0.11691023,0.058455115,0.027139875,0.100208768,0.081419624,96,114,0.079709344,1,39,0.055112592,2,4,3,11,459.7,1.98,0.075664622,1.809727231,0.00715683,0.010955303,0.009209366,0.591329963
SARC,0.4042,0.888496037,74,5,35,40,71.5,3,38,2,50.09238095,0.12,18,5,27,51.38996139,48.61003861,1.057189542,0.650655022,0.113537118,0.052401747,0.209606987,0.026200873,0.283842795,0.388646288,0.668122271,0.03930131,0.144104803,44963.76338,2.672781064,2.587890792,0.379779648,3.19317753,4.124922334,1.511571204,1.587341393,3.354465754,6.760919187,7.211683409,5.398602253,3.946785319,3.72685951,3.163844553,3.344716672,2.786556019,3.445080508,1.489634779,1.809633712,1.304576682,0.500192255,0.486481142,0.455440698,970.8232722,697.9369677,1702.587347,5331.710887,3910.377392,8983.734269,6886.730724,8102.545783,9428.748087,3928.007761,5983.542106,5723.125204,2905.731027,11207.01802,7207.839897,8762.639867,6249.742925,9719.521767,9099.635911,1.02754674,0.494666784,0.66098154,1.346237861,1.471113306,0.88759243,6,1.735126457,0.982567593,4,0.78,0.03930131,0.056768559,0.069868996,0.052401747,0.100436681,0.052401747,0.082969432,0.034934498,0.069868996,271,248,0.680493936,9.5,103,0.201683295,11.5,9,8,30,5104.75,2.12,0.471544715,-1.405134893,NA,NA,NA,0.595558317
SKCM,0.5392,0.936072367,692,37.5,379.5,413,688,3,409,3,29.652,0.1,99.5,8,134,84.26067073,15.73932927,5.353846154,0.768595041,0.247933884,0.099173554,0.267217631,0.011019284,0.330578512,0.947658402,0.280991736,0.068870523,0.225895317,43883.0047,3.177233099,3.677513022,1.021183501,3.679814487,4.180726352,2.62063564,2.288129271,3.904772632,7.913376896,7.779348377,6.082214486,4.207502766,3.977732035,3.919075424,4.358354212,3.740022402,4.307360274,2.529743367,2.969480782,2.363215173,0.422910687,0.451484966,0.442737952,-303.1631518,623.5241906,345.3462123,6068.461308,5895.529776,9838.397349,6438.313006,7468.851002,8749.840324,3122.520136,4829.361214,6381.054079,3280.972028,11146.50175,7511.38933,8723.118995,6966.831073,10060.45972,8644.461199,1.142227491,0.519370259,0.808394941,1.492197864,2.472680872,0.813899869,24,2.631026803,0.980213105,13.5,0.7,0.055096419,0.143250689,0.338842975,0.101928375,0.195592287,0.08815427,0.148760331,0.143250689,0.162534435,295,129,0.553919463,11,34,0.180354355,6,5,4,16,3868.135,2.12,0.396995708,-0.752410273,0.013157078,0.092900964,0.036521227,0.577961798
T,0.5743,0.981651376,26,2,12,13,25.5,1,13,1,43.66178733,0.01,6,2.5,12,53.84615385,46.15384615,1.166666667,0.064814815,0.055555556,0.009259259,0.027777778,0.018518519,0.037037037,0.12962963,0.037037037,0.018518519,0.064814815,45660.07096,5.054063354,8.475293766,0.490417172,5.529598243,4.601983442,4.816442354,7.418861331,4.620772287,4.359395297,8.201239732,5.8233415,3.38002734,4.58333549,3.234946924,3.521411745,3.997295135,4.667688658,2.146018796,2.657886963,2.138454458,0.497525319,0.45552616,0.507644741,-663.5565204,2012.908344,1321.06964,7278.669574,6790.665631,12402.06688,6686.732268,8839.664778,7408.983828,2801.530458,3144.362928,6688.197071,3366.472006,12449.42863,8865.557393,8374.293465,8694.38696,9244.123281,7208.315274,1.710728724,0.523342824,0.823145171,1.607110293,1.35623293,0.893488635,4,5.652414278,0.996268172,294,0.34,0.009259259,0.018518519,0.009259259,0.018518519,0.009259259,0.009259259,0.009259259,0.027777778,0.037037037,0,55,0.000166565,0,14,0.002055938,0,0,0,0,21.03,2,0.0625,2.4162292,NA,NA,NA,0.665467397
TC,0.6635,1,61,5,27,30,60,4,29,2,42.71337073,0,20,18,38,58.73015873,41.26984127,1.423076923,0.363636364,0.181818182,0,0.272727273,0,0.090909091,0.272727273,0.363636364,0.090909091,0.090909091,45739.31311,5.180740038,5.08467785,2.373853348,4.920002787,6.430488846,4.004808747,4.736038763,5.11949978,4.313409755,7.788268168,6.986985615,5.259415621,5.747737478,4.971612623,5.359570045,5.413395007,6.336409124,3.627758851,3.907585939,3.723095236,0.579685561,0.541908653,0.583092111,66.18704243,2099.892511,1464.171835,10220.02734,7515.681075,12788.81301,6521.472393,7678.177968,8486.854791,1814.454171,4037.483713,6904.317468,4528.506854,12009.70075,7556.941277,8836.127374,7972.069338,9301.574764,9053.04296,1.338800172,0.614463262,1.250152623,1.507297435,3.276326001,0.909038997,40,4.076800933,0.990901522,61,0.67,0,0,0.090909091,0.090909091,0.090909091,0,0,0.090909091,0.181818182,48,71,0.1356197,6,30,0.085001074,3,2,2,9,2004.94,2.12,0.363636364,2.2181324,NA,NA,NA,0.570769493
TNBC,0.4115,0.969574468,100.5,9,58,68.5,95.5,5,63,4,45.79102977,0.205,31,24.5,65,43.38797814,56.61202186,0.766410912,0.5,0.2,0.33,0.39,0.03,0.5,0.48,0.85,0.08,0.13,44557.58838,2.338489824,3.555368513,1.03403984,3.480392567,4.763817231,2.458723578,2.26946518,3.688509706,6.067894001,7.546868239,6.33175305,4.944817108,4.106716047,4.712201009,5.183781566,4.400890395,4.970655778,2.634233653,3.080350308,2.534290457,0.494221366,0.521465804,0.481245722,306.5630503,886.9357011,1182.52908,7790.656361,6395.920605,10361.03431,6225.741234,8008.495317,9497.138896,3619.276721,5299.267969,4939.911736,2911.483861,11623.04569,7075.988751,7571.638746,7124.891173,9964.995241,8954.945229,1.180205712,0.587004906,0.906806698,1.429135179,2.504726568,0.831226898,26,3.311775795,0.983001724,29.5,0.54,0.07,0.08,0.14,0.08,0.27,0.06,0.19,0.05,0.06,500,252,0.672648921,15,71,0.403224272,20,17,12,49,4959.12,2.855,0.576576577,0.234726613,0.00559661,0.026146655,0.014019581,0.600823244
UCECH,0.71,0.963616222,1075.5,152,414,596,800,217.5,448,115.5,29.15559191,0,220,1013,1306,77.7208561,22.2791439,3.48853211,0.280821918,0.445205479,0.232876712,0.575342466,0.157534247,0.98630137,0.678082192,0.369863014,0.287671233,0.671232877,46431.07261,2.631614841,3.336934616,1.230603433,3.506655027,4.86666342,2.632385525,2.433815777,3.559904033,4.909739515,7.875959857,5.48214997,4.413350567,4.160935787,4.004020915,4.541456225,3.570445366,4.265190527,2.199151383,2.621411565,1.895808533,0.509914881,0.466062179,0.515050571,-769.2041171,78.26223156,-570.8038723,5484.335945,5276.798061,10168.11251,6342.853511,7802.850607,7678.563969,2915.301956,4469.481246,8320.042453,3127.749209,11108.8833,6664.143878,6889.252974,5876.3242,9290.980236,6835.776891,1.508722348,0.346964012,0.714868596,1.345146296,1.92804462,0.86567357,8,2.397895273,0.975503759,11,0.755,0.171232877,0.273972603,1,0.315068493,0.534246575,0.335616438,0.835616438,0.363013699,0.5,0,63,0.03407662,1,3,0.000417271,1,0,0,1,432.815,2.01,0.013157895,1.08862459,0.012310988,0.023955595,0.020026998,0.59266357
UCECL,0.34845,0.951537872,85,8,45,54,79,5,50,4,31.77,0.05,26,10,41,59.74982627,40.25017373,1.484461326,0.279635258,0.200607903,0.246200608,0.316109422,0.085106383,0.90881459,0.52887538,0.516717325,0.075987842,0.41337386,45268.05445,2.335543476,2.704690516,0.453240025,3.082860281,4.336139267,1.992288429,2.277418581,3.08121049,5.08904577,7.809568546,5.132003534,4.080249558,3.686147592,3.341881393,3.686879332,3.025564238,3.684979443,1.435484691,1.798784599,1.225836956,0.503637928,0.459296165,0.523273565,-771.7929619,-108.6473583,-847.9681282,5735.013944,5203.457778,9617.790269,6449.784734,7890.52909,7773.881195,3124.212172,4293.683631,8400.497772,2277.886265,10980.87062,6794.148564,6739.453742,5977.040734,9111.707777,6680.859708,1.429398764,0.273161274,0.694663398,1.317604048,1.867544292,0.877006799,9,1.512451179,0.984241921,4,0.76,0.079027356,0.176291793,0.14893617,0.127659574,0.194528875,0.11550152,0.29787234,0.136778116,0.176291793,271,109,0.243607732,5,19,0.057876833,3,2,2,7,4754.71,2.05,0.297687861,0.46814767,0.005270594,0.039293018,0.015648506,0.582325681
UVM,0.22,0.929443827,16,1,10,12,15,1,11,1,27.5888872,0.02,6,2,9.5,57.51879699,42.48120301,1.354166667,0.0625,0.1,0.025,0.1,0.0125,0.0375,0.0625,0.025,0,0.0125,44442.31225,1.369268756,1.01944916,0.038924417,1.653380672,1.790040979,0.424448997,0.543060617,1.826864694,6.666363329,6.727673553,3.583455328,1.925822929,1.698956231,0.779491825,0.816035669,0.898786335,1.211798539,0.413468884,0.501309302,0.393585827,0.30939522,0.290042768,0.347280181,-1021.889567,-655.9716076,-1646.323289,3456.101032,3499.731814,8018.2401,6457.175486,6817.872387,7661.747817,2636.328053,3232.346495,6151.192097,1372.556179,10269.49925,6893.225247,8446.335563,6158.725758,9200.40564,5882.136638,1.363784544,0.228593124,0.51698467,1.539114769,2.110861753,0.824675784,18,1.098612289,0.980982391,1,0.95,0.025,0.025,0.0125,0.0375,0.1,0.0125,0.0125,0.075,0.05,409,74.5,0.173448569,4,22,0.072724559,2,1,1,4,NA,2.03,0.0625,-1.766936656,NA,NA,NA,0.614200002
